Time,Brightness,Face Coordinates,Face Area,Approximate Distance (cm)
1709316947.760612,145.4193576388889,"(525, 326, 359, 359)",128881,38.99721448467967
1709316948.830515,143.36717447916666,"(519, 307, 373, 373)",139129,37.533512064343164
1709316949.892338,142.7141525607639,"(871, 334, 116, 116)",13456,120.6896551724138
1709316950.95537,142.54250651041667,"(510, 292, 392, 392)",153664,35.714285714285715
